"date","deaths_WMR","deaths_EMR","deaths_CMR","arrivals_CMR","arrivals_WMR","arrivals_EMR"
2009-01-01,1,NA,NA,1491,508,2730
2009-01-02,14,NA,NA,1491,508,2730
2009-01-03,NA,NA,300,1491,508,2730
2009-01-06,1,NA,NA,1491,508,2730
2009-01-07,1,NA,NA,1491,508,2730
2009-01-11,NA,1,NA,1491,508,2730
2009-01-12,NA,1,NA,1491,508,2730
2009-01-13,4,NA,NA,1491,508,2730
2009-01-18,NA,NA,31,1491,508,2730
2009-01-20,NA,NA,10,1491,508,2730
2009-01-21,NA,NA,1,1491,508,2730
2009-01-24,12,NA,NA,1491,508,2730
2009-01-27,NA,5,NA,1491,508,2730
2009-01-28,NA,NA,8,1491,508,2730
2009-01-30,1,NA,NA,1491,508,2730
2009-02-20,2,NA,NA,1221,302,2228
2009-02-28,NA,1,NA,1221,302,2228
2009-03-03,NA,NA,2,2519,656,2870
2009-03-06,1,NA,NA,2519,656,2870
2009-03-07,12,NA,NA,2519,656,2870
2009-03-15,NA,NA,11,2519,656,2870
2009-03-16,1,NA,NA,2519,656,2870
2009-03-18,NA,NA,67,2519,656,2870
2009-03-21,4,NA,NA,2519,656,2870
2009-03-22,NA,1,NA,2519,656,2870
2009-03-25,14,NA,NA,2519,656,2870
2009-03-28,NA,NA,800,2519,656,2870
2009-04-02,NA,NA,2,1981,423,3298
2009-04-05,25,NA,NA,1981,423,3298
2009-04-07,1,NA,NA,1981,423,3298
2009-04-15,NA,NA,1,1981,423,3298
2009-04-22,4,NA,NA,1981,423,3298
2009-04-29,1,NA,NA,1981,423,3298
2009-05-01,NA,NA,1,610,557,3750
2009-05-18,1,NA,NA,610,557,3750
2009-05-21,NA,NA,1,610,557,3750
2009-06-02,2,NA,NA,107,740,3880
2009-06-03,18,NA,NA,107,740,3880
2009-06-09,NA,1,7,107,740,3880
2009-06-10,NA,6,NA,107,740,3880
2009-06-16,4,NA,NA,107,740,3880
2009-06-18,1,NA,NA,107,740,3880
2009-06-28,9,NA,NA,107,740,3880
2009-07-16,1,NA,NA,504,671,3920
2009-07-21,1,NA,NA,504,671,3920
2009-07-23,1,NA,NA,504,671,3920
2009-07-26,1,NA,NA,504,671,3920
2009-08-07,NA,NA,12,562,714,4272
2009-08-09,NA,NA,1,562,714,4272
2009-08-10,1,NA,NA,562,714,4272
2009-08-12,NA,2,NA,562,714,4272
2009-08-16,27,NA,NA,562,714,4272
2009-08-19,NA,NA,72,562,714,4272
2009-08-21,NA,NA,1,562,714,4272
2009-08-26,NA,NA,1,562,714,4272
2009-08-27,NA,NA,1,562,714,4272
2009-09-11,1,NA,NA,583,338,3979
2009-09-18,28,NA,NA,583,338,3979
2009-10-06,NA,NA,6,942,1036,3969
2009-10-09,NA,1,NA,942,1036,3969
2009-10-25,NA,NA,1,942,1036,3969
2009-10-26,NA,17,1,942,1036,3969
2009-10-28,3,NA,NA,942,1036,3969
2009-11-01,NA,1,NA,400,390,2430
2009-11-05,NA,7,NA,400,390,2430
2009-11-15,NA,NA,10,400,390,2430
2009-11-17,1,NA,NA,400,390,2430
2009-11-19,1,NA,NA,400,390,2430
2009-12-07,NA,2,NA,123,307,2647
2009-12-08,1,NA,NA,123,307,2647
2009-12-11,NA,2,NA,123,307,2647
2009-12-12,16,NA,NA,123,307,2647
2009-12-30,NA,22,NA,123,307,2647
2009-12-31,20,NA,NA,123,307,2647
2010-01-04,NA,1,NA,52,214,2006
2010-01-05,NA,16,NA,52,214,2006
2010-01-07,1,NA,NA,52,214,2006
2010-01-08,3,NA,NA,52,214,2006
2010-02-09,NA,NA,5,0,66,2177
2010-03-04,1,NA,NA,95,213,3086
2010-03-20,NA,NA,3,95,213,3086
2010-03-27,NA,1,NA,95,213,3086
2010-03-31,NA,19,NA,95,213,3086
2010-04-02,NA,NA,2,102,211,3334
2010-04-12,11,NA,NA,102,211,3334
2010-04-17,1,4,NA,102,211,3334
2010-05-12,1,NA,NA,131,309,3943
2010-05-25,NA,2,NA,131,309,3943
2010-05-29,NA,NA,20,131,309,3943
2010-06-24,NA,2,NA,358,453,4495
2010-06-30,NA,18,NA,358,453,4495
2010-07-06,NA,2,NA,719,440,5007
2010-07-07,2,NA,NA,719,440,5007
2010-07-09,1,NA,NA,719,440,5007
2010-07-11,NA,2,NA,719,440,5007
2010-07-27,2,NA,NA,719,440,5007
2010-08-05,NA,4,NA,805,913,7116
2010-08-08,NA,NA,43,805,913,7116
2010-08-26,37,NA,NA,805,913,7116
2010-08-27,2,NA,NA,805,913,7116
2010-08-28,NA,NA,2,805,913,7116
2010-08-30,2,NA,NA,805,913,7116
2010-09-03,3,NA,NA,652,846,7714
2010-09-10,1,NA,NA,652,846,7714
2010-09-30,NA,2,NA,652,846,7714
2010-10-13,NA,1,NA,557,543,8229
2010-11-01,NA,8,NA,681,296,4852
2010-11-02,1,NA,NA,681,296,4852
2010-11-03,5,NA,NA,681,296,4852
2010-11-06,5,NA,NA,681,296,4852
2010-11-07,11,NA,NA,681,296,4852
2010-11-11,1,NA,NA,681,296,4852
2010-12-07,1,NA,NA,298,499,3729
2010-12-27,1,NA,NA,298,499,3729
2011-01-02,3,NA,2,359,426,2350
2011-01-03,NA,NA,85,359,426,2350
2011-01-05,NA,NA,1,359,426,2350
2011-01-06,1,NA,NA,359,426,2350
2011-01-07,NA,NA,25,359,426,2350
2011-01-11,11,1,NA,359,426,2350
2011-01-16,NA,NA,2,359,426,2350
2011-01-17,NA,NA,1,359,426,2350
2011-01-21,1,NA,NA,359,426,2350
2011-01-22,1,NA,NA,359,426,2350
2011-01-25,1,NA,NA,359,426,2350
2011-02-02,1,NA,NA,6010,253,1861
2011-02-05,NA,NA,270,6010,253,1861
2011-02-14,6,NA,NA,6010,253,1861
2011-02-24,1,NA,NA,6010,253,1861
2011-02-25,15,NA,NA,6010,253,1861
2011-02-26,1,NA,NA,6010,253,1861
2011-03-03,1,NA,NA,17062,211,2284
2011-03-04,NA,19,NA,17062,211,2284
2011-03-11,NA,NA,1,17062,211,2284
2011-03-13,NA,NA,88,17062,211,2284
2011-03-16,NA,NA,3,17062,211,2284
2011-03-17,NA,3,NA,17062,211,2284
2011-03-21,NA,1,NA,17062,211,2284
2011-03-24,NA,NA,305,17062,211,2284
2011-03-26,NA,NA,308,17062,211,2284
2011-03-27,NA,NA,38,17062,211,2284
2011-03-28,NA,NA,120,17062,211,2284
2011-03-30,NA,NA,70,17062,211,2284
2011-03-31,NA,NA,1,17062,211,2284
2011-04-02,NA,NA,254,10137,295,3194
2011-04-07,NA,NA,100,10137,295,3194
2011-04-12,NA,NA,496,10137,295,3194
2011-04-15,NA,NA,1,10137,295,3194
2011-04-16,NA,NA,1,10137,295,3194
2011-04-17,NA,NA,1,10137,295,3194
2011-04-29,NA,NA,1,10137,295,3194
2011-05-04,25,NA,NA,10680,565,4013
2011-05-06,NA,NA,1,10680,565,4013
2011-05-08,24,NA,603,10680,565,4013
2011-05-09,NA,NA,17,10680,565,4013
2011-05-10,NA,NA,63,10680,565,4013
2011-05-15,1,NA,NA,10680,565,4013
2011-05-20,NA,NA,330,10680,565,4013
2011-05-21,1,NA,NA,10680,565,4013
2011-05-22,NA,NA,4,10680,565,4013
2011-05-28,NA,NA,7,10680,565,4013
2011-05-31,NA,2,NA,10680,565,4013
2011-06-02,NA,18,NA,5351,709,3931
2011-06-03,NA,NA,220,5351,709,3931
2011-06-04,NA,NA,74,5351,709,3931
2011-06-11,1,1,5,5351,709,3931
2011-06-23,NA,NA,1,5351,709,3931
2011-06-24,46,NA,1,5351,709,3931
2011-06-28,1,NA,NA,5351,709,3931
2011-07-11,54,NA,NA,3103,1473,5629
2011-07-12,1,NA,NA,3103,1473,5629
2011-07-28,NA,NA,30,3103,1473,5629
2011-07-31,NA,1,NA,3103,1473,5629
2011-08-07,2,NA,NA,7308,1363,6556
2011-08-13,NA,NA,3,7308,1363,6556
2011-08-18,NA,NA,2,7308,1363,6556
2011-08-23,NA,1,NA,7308,1363,6556
2011-08-30,1,NA,NA,7308,1363,6556
2011-09-01,14,NA,NA,2262,732,7081
2011-09-05,1,NA,NA,2262,732,7081
2011-09-10,2,NA,43,2262,732,7081
2011-09-12,NA,NA,17,2262,732,7081
2011-09-13,1,NA,NA,2262,732,7081
2011-09-20,NA,4,NA,2262,732,7081
2011-10-03,NA,NA,63,511,1169,9943
2011-10-11,NA,4,NA,511,1169,9943
2011-10-23,3,NA,NA,511,1169,9943
2011-10-30,1,NA,NA,511,1169,9943
2011-11-01,1,NA,35,707,560,6208
2011-11-03,NA,NA,1,707,560,6208
2011-11-22,3,NA,NA,707,560,6208
2011-11-23,NA,2,NA,707,560,6208
2011-11-27,1,NA,NA,707,560,6208
2011-12-01,NA,NA,6,771,692,3975
2011-12-03,NA,NA,1,771,692,3975
2011-12-06,NA,NA,2,771,692,3975
2011-12-18,1,NA,NA,771,692,3975
2011-12-23,1,NA,NA,771,692,3975
2011-12-26,NA,3,NA,771,692,3975
2011-12-31,NA,3,NA,771,692,3975
2012-01-03,NA,NA,7,479,349,3035
2012-01-04,NA,NA,7,479,349,3035
2012-01-09,1,NA,NA,479,349,3035
2012-01-14,NA,NA,56,479,349,3035
2012-01-19,4,NA,NA,479,349,3035
2012-01-21,1,NA,NA,479,349,3035
2012-01-24,NA,NA,55,479,349,3035
2012-01-29,NA,1,NA,479,349,3035
2012-02-02,31,NA,NA,235,135,2411
2012-02-20,1,2,NA,235,135,2411
2012-02-28,NA,3,NA,235,135,2411
2012-02-29,NA,1,NA,235,135,2411
2012-03-14,NA,1,NA,875,483,2774
2012-03-15,NA,NA,5,875,483,2774
2012-03-16,NA,1,NA,875,483,2774
2012-03-28,NA,1,NA,875,483,2774
2012-03-30,NA,NA,10,875,483,2774
2012-04-03,NA,NA,10,359,349,4002
2012-04-27,NA,NA,1,359,349,4002
2012-04-28,NA,2,NA,359,349,4002
2012-04-30,1,NA,NA,359,349,4002
2012-05-02,1,NA,NA,1422,643,4969
2012-05-06,NA,NA,3,1422,643,4969
2012-05-07,NA,NA,7,1422,643,4969
2012-05-24,NA,NA,11,1422,643,4969
2012-05-25,NA,NA,20,1422,643,4969
2012-06-08,NA,125,NA,1904,557,5154
2012-06-11,NA,NA,2,1904,557,5154
2012-06-28,NA,NA,1,1904,557,5154
2012-07-01,NA,1,NA,1630,441,7055
2012-07-08,NA,NA,79,1630,441,7055
2012-07-31,1,NA,NA,1630,441,7055
2012-08-09,1,NA,NA,2421,842,2897
2012-08-15,NA,NA,2,2421,842,2897
2012-08-17,NA,1,NA,2421,842,2897
2012-08-18,NA,NA,39,2421,842,2897
2012-08-25,NA,NA,40,2421,842,2897
2012-08-28,NA,7,NA,2421,842,2897
2012-09-09,2,NA,NA,1272,719,1121
2012-09-13,NA,NA,1,1272,719,1121
2012-09-16,1,NA,NA,1272,719,1121
2012-09-17,1,NA,NA,1272,719,1121
2012-09-30,1,NA,NA,1272,719,1121
2012-10-01,NA,1,NA,1816,915,1253
2012-10-06,NA,NA,54,1816,915,1253
2012-10-09,5,NA,NA,1816,915,1253
2012-10-24,54,NA,NA,1816,915,1253
2012-10-28,NA,NA,2,1816,915,1253
2012-11-03,NA,NA,11,2015,431,1350
2012-11-04,1,NA,NA,2015,431,1350
2012-11-05,89,NA,NA,2015,431,1350
2012-11-06,NA,NA,1,2015,431,1350
2012-11-08,4,NA,NA,2015,431,1350
2012-11-30,NA,12,NA,2015,431,1350
2012-12-01,NA,1,NA,723,533,1203
2012-12-14,NA,27,NA,723,533,1203
2013-01-13,NA,3,NA,217,375,712
2013-01-21,NA,1,NA,217,375,712
2013-03-01,4,NA,NA,1177,465,1149
2013-03-15,2,NA,NA,1177,465,1149
2013-03-23,NA,NA,1,1177,465,1149
2013-04-17,11,NA,NA,1922,577,1246
2013-05-14,NA,1,NA,1114,433,1352
2013-05-30,NA,NA,2,1114,433,1352
2013-07-24,1,1,NA,6964,801,2212
2013-07-25,NA,10,NA,6964,801,2212
2013-07-26,NA,2,NA,6964,801,2212
2013-07-27,NA,NA,31,6964,801,2212
2013-07-29,NA,NA,31,6964,801,2212
2013-07-31,1,24,NA,6964,801,2212
2013-08-04,NA,NA,3,7743,940,2132
2013-08-10,NA,NA,6,7743,940,2132
2013-09-09,NA,NA,1,9757,879,3794
2013-09-12,NA,3,60,9757,879,3794
2013-09-16,12,NA,NA,9757,879,3794
2013-09-18,NA,2,NA,9757,879,3794
2013-09-29,NA,NA,23,9757,879,3794
2013-10-02,NA,NA,325,8566,634,4934
2013-10-10,NA,NA,34,8566,634,4934
2013-10-11,NA,NA,27,8566,634,4934
2013-11-01,NA,NA,87,1362,575,2961
2013-11-16,NA,12,NA,1362,575,2961
2013-12-07,1,NA,NA,2681,486,1500
2014-01-19,NA,12,NA,2171,337,1212
2014-02-06,15,NA,NA,3335,487,1339
2014-02-17,NA,NA,2,3335,487,1339
2014-02-27,NA,NA,7,3335,487,1339
2014-03-17,NA,NA,1,5550,799,1644
2014-03-18,NA,9,NA,5550,799,1644
2014-04-09,NA,NA,1,15679,252,2030
2014-04-16,NA,9,NA,15679,252,2030
2014-04-30,NA,NA,40,15679,252,2030
2014-05-02,NA,NA,4,14597,887,2506
2014-05-05,NA,29,NA,14597,887,2506
2014-05-06,NA,NA,77,14597,887,2506
2014-05-07,NA,NA,1,14597,887,2506
2014-05-12,NA,NA,217,14597,887,2506
2014-05-23,NA,1,NA,14597,887,2506
2014-06-05,NA,NA,3,22778,274,4231
2014-06-08,NA,NA,4,22778,274,4231
2014-06-09,NA,NA,5,22778,274,4231
2014-06-14,NA,NA,10,22778,274,4231
2014-06-15,NA,NA,1,22778,274,4231
2014-06-18,4,NA,NA,22778,274,4231
2014-06-27,NA,NA,240,22778,274,4231
2014-06-29,NA,NA,51,22778,274,4231
2014-07-01,NA,NA,75,24107,358,5433
2014-07-05,NA,NA,13,24107,358,5433
2014-07-06,NA,NA,200,24107,358,5433
2014-07-11,NA,25,NA,24107,358,5433
2014-07-12,NA,NA,12,24107,358,5433
2014-07-14,NA,NA,110,24107,358,5433
2014-07-17,NA,NA,44,24107,358,5433
2014-07-19,NA,NA,238,24107,358,5433
2014-07-21,NA,NA,19,24107,358,5433
2014-07-28,NA,NA,128,24107,358,5433
2014-08-03,NA,NA,172,25031,1887,8046
2014-08-22,NA,NA,1,25031,1887,8046
2014-08-23,NA,NA,26,25031,1887,8046
2014-08-24,NA,NA,275,25031,1887,8046
2014-08-29,NA,NA,42,25031,1887,8046
2014-08-31,NA,NA,100,25031,1887,8046
2014-09-12,NA,NA,518,26125,490,8860
2014-09-14,NA,NA,252,26125,490,8860
2014-09-21,NA,NA,43,26125,490,8860
2014-10-01,8,NA,NA,15264,558,8460
2014-10-02,NA,NA,95,15264,558,8460
2014-10-10,NA,NA,3,15264,558,8460
2014-10-27,NA,3,NA,15264,558,8460
2014-10-29,NA,NA,20,15264,558,8460
2014-11-08,NA,4,NA,9295,297,4374
2014-11-26,NA,NA,18,9295,297,4374
2014-12-05,23,NA,17,6732,557,2699
2014-12-19,9,NA,NA,6732,557,2699
2014-12-23,NA,NA,5,6732,557,2699
2014-12-24,NA,NA,30,6732,557,2699
2014-12-28,NA,NA,2,6732,557,2699
2014-12-29,NA,9,NA,6732,557,2699
2014-12-30,NA,NA,4,6732,557,2699
2015-01-04,5,NA,NA,3615,474,2200
2015-01-16,NA,NA,45,3615,474,2200
2015-01-18,NA,NA,1,3615,474,2200
2015-01-22,NA,NA,21,3615,474,2200
2015-01-30,10,NA,NA,3615,474,2200
2015-02-07,NA,9,NA,4354,178,3332
2015-02-08,NA,NA,29,4354,178,3332
2015-02-09,NA,NA,307,4354,178,3332
2015-03-03,NA,NA,50,2283,333,8620
2015-03-17,NA,8,NA,2283,333,8620
2015-03-19,NA,NA,3,2283,333,8620
2015-04-06,NA,11,NA,16061,408,14566
2015-04-10,NA,NA,3,16061,408,14566
2015-04-13,NA,NA,400,16061,408,14566
2015-04-16,NA,NA,53,16061,408,14566
2015-04-17,NA,NA,1,16061,408,14566
2015-04-18,NA,NA,1022,16061,408,14566
2015-04-20,NA,3,NA,16061,408,14566
2015-04-21,NA,NA,1,16061,408,14566
2015-05-02,NA,NA,13,21229,700,20213
2015-05-04,NA,NA,46,21229,700,20213
2015-05-21,NA,NA,1,21229,700,20213
2015-05-23,NA,NA,5,21229,700,20213
2015-05-25,NA,NA,5,21229,700,20213
2015-05-26,1,NA,NA,21229,700,20213
2015-05-30,NA,NA,25,21229,700,20213
2015-06-17,NA,NA,3,22886,621,33399
2015-06-20,22,NA,NA,22886,621,33399
2015-06-23,NA,6,1,22886,621,33399
2015-06-25,NA,NA,1,22886,621,33399
2015-07-07,NA,18,NA,23205,560,57371
2015-07-09,NA,NA,21,23205,560,57371
2015-07-10,NA,NA,30,23205,560,57371
2015-07-15,NA,NA,101,23205,560,57371
2015-07-16,NA,6,NA,23205,560,57371
2015-07-23,NA,NA,40,23205,560,57371
2015-07-27,NA,NA,14,23205,560,57371
2015-08-02,4,NA,NA,22612,469,112212
2015-08-03,1,NA,5,22612,469,112212
2015-08-06,NA,NA,227,22612,469,112212
2015-08-11,NA,NA,60,22612,469,112212
2015-08-15,NA,NA,49,22612,469,112212
2015-08-16,NA,NA,1,22612,469,112212
2015-08-17,NA,10,NA,22612,469,112212
2015-08-18,NA,6,NA,22612,469,112212
2015-08-21,NA,1,NA,22612,469,112212
2015-08-23,NA,NA,1,22612,469,112212
2015-08-24,NA,10,NA,22612,469,112212
2015-08-25,2,NA,1,22612,469,112212
2015-08-26,NA,NA,52,22612,469,112212
2015-08-27,NA,NA,211,22612,469,112212
2015-08-28,NA,NA,2,22612,469,112212
2015-08-29,NA,1,NA,22612,469,112212
2015-08-30,NA,NA,37,22612,469,112212
2015-08-31,1,1,6,22612,469,112212
2015-09-01,NA,NA,4,15929,651,149563
2015-09-02,NA,17,NA,15929,651,149563
2015-09-03,NA,NA,44,15929,651,149563
2015-09-05,NA,1,NA,15929,651,149563
2015-09-06,2,NA,20,15929,651,149563
2015-09-10,1,NA,NA,15929,651,149563
2015-09-12,NA,5,NA,15929,651,149563
2015-09-13,NA,38,NA,15929,651,149563
2015-09-14,NA,2,NA,15929,651,149563
2015-09-15,NA,22,NA,15929,651,149563
2015-09-17,NA,NA,1,15929,651,149563
2015-09-18,NA,1,7,15929,651,149563
2015-09-19,NA,13,NA,15929,651,149563
2015-09-20,NA,54,NA,15929,651,149563
2015-09-22,NA,3,NA,15929,651,149563
2015-09-23,NA,1,NA,15929,651,149563
2015-09-24,NA,1,NA,15929,651,149563
2015-09-25,NA,7,NA,15929,651,149563
2015-09-27,NA,17,NA,15929,651,149563
2015-09-29,NA,6,NA,15929,651,149563
2015-09-30,NA,2,NA,15929,651,149563
2015-10-02,NA,1,NA,8916,1209,216260
2015-10-03,NA,2,NA,8916,1209,216260
2015-10-04,NA,2,NA,8916,1209,216260
2015-10-05,NA,1,95,8916,1209,216260
2015-10-09,2,1,NA,8916,1209,216260
2015-10-10,NA,NA,11,8916,1209,216260
2015-10-13,2,NA,NA,8916,1209,216260
2015-10-14,NA,12,NA,8916,1209,216260
2015-10-15,NA,8,NA,8916,1209,216260
2015-10-16,NA,13,NA,8916,1209,216260
2015-10-17,NA,7,NA,8916,1209,216260
2015-10-18,NA,1,NA,8916,1209,216260
2015-10-19,2,5,NA,8916,1209,216260
2015-10-20,NA,NA,8,8916,1209,216260
2015-10-21,NA,13,NA,8916,1209,216260
2015-10-22,NA,31,6,8916,1209,216260
2015-10-25,NA,10,43,8916,1209,216260
2015-10-26,1,2,NA,8916,1209,216260
2015-10-27,NA,2,NA,8916,1209,216260
2015-10-28,NA,90,NA,8916,1209,216260
2015-10-29,39,13,NA,8916,1209,216260
2015-10-30,NA,2,NA,8916,1209,216260
2015-10-31,4,4,NA,8916,1209,216260
2015-11-01,NA,24,NA,3219,727,155558
2015-11-03,NA,11,NA,3219,727,155558
2015-11-05,NA,3,NA,3219,727,155558
2015-11-10,NA,16,NA,3219,727,155558
2015-11-11,NA,7,NA,3219,727,155558
2015-11-13,NA,1,NA,3219,727,155558
2015-11-17,NA,11,8,3219,727,155558
2015-11-18,NA,15,NA,3219,727,155558
2015-11-20,1,NA,NA,3219,727,155558
2015-11-25,NA,1,NA,3219,727,155558
2015-11-27,NA,4,NA,3219,727,155558
2015-11-28,NA,5,NA,3219,727,155558
2015-12-01,NA,34,NA,9637,674,112092
2015-12-03,NA,5,NA,9637,674,112092
2015-12-08,NA,6,NA,9637,674,112092
2015-12-09,NA,27,NA,9637,674,112092
2015-12-10,NA,17,NA,9637,674,112092
2015-12-12,NA,1,NA,9637,674,112092
2015-12-14,NA,8,NA,9637,674,112092
2015-12-15,NA,5,NA,9637,674,112092
2015-12-16,NA,12,NA,9637,674,112092
2015-12-18,NA,26,NA,9637,674,112092
2015-12-19,NA,3,NA,9637,674,112092
2015-12-20,NA,1,NA,9637,674,112092
2015-12-21,NA,1,NA,9637,674,112092
2015-12-22,NA,27,NA,9637,674,112092
2015-12-23,NA,1,1,9637,674,112092
2015-12-24,NA,23,NA,9637,674,112092
2015-12-25,2,2,NA,9637,674,112092
2015-12-27,NA,1,NA,9637,674,112092
2015-12-28,NA,4,NA,9637,674,112092
2015-12-30,NA,2,7,9637,674,112092
2016-01-02,1,5,NA,5273,675,68581
2016-01-04,3,3,NA,5273,675,68581
2016-01-05,NA,38,NA,5273,675,68581
2016-01-08,1,1,NA,5273,675,68581
2016-01-11,NA,3,9,5273,675,68581
2016-01-14,NA,12,NA,5273,675,68581
2016-01-15,NA,8,NA,5273,675,68581
2016-01-16,NA,7,NA,5273,675,68581
2016-01-18,NA,1,9,5273,675,68581
2016-01-20,NA,2,NA,5273,675,68581
2016-01-21,NA,76,NA,5273,675,68581
2016-01-23,NA,1,NA,5273,675,68581
2016-01-24,NA,4,NA,5273,675,68581
2016-01-25,NA,2,2,5273,675,68581
2016-01-26,NA,22,NA,5273,675,68581
2016-01-27,NA,7,NA,5273,675,68581
2016-01-28,NA,41,NA,5273,675,68581
2016-01-30,NA,39,70,5273,675,68581
2016-01-31,NA,3,NA,5273,675,68581
2016-02-02,NA,9,NA,3828,289,58043
2016-02-05,1,NA,NA,3828,289,58043
2016-02-08,NA,36,NA,3828,289,58043
2016-02-16,1,NA,NA,3828,289,58043
2016-02-17,NA,1,NA,3828,289,58043
2016-02-19,NA,NA,2,3828,289,58043
2016-02-23,NA,NA,5,3828,289,58043
2016-03-02,NA,1,NA,9675,444,27343
2016-03-04,20,NA,NA,9675,444,27343
2016-03-06,NA,25,NA,9675,444,27343
2016-03-10,NA,7,NA,9675,444,27343
2016-03-12,1,NA,NA,9675,444,27343
2016-03-14,NA,8,NA,9675,444,27343
2016-03-16,NA,NA,3,9675,444,27343
2016-03-17,NA,NA,4,9675,444,27343
2016-03-19,NA,NA,51,9675,444,27343
2016-03-20,NA,4,4,9675,444,27343
2016-03-21,NA,NA,1,9675,444,27343
2016-03-26,NA,NA,12,9675,444,27343
2016-03-28,NA,NA,84,9675,444,27343
2016-03-30,NA,NA,90,9675,444,27343
2016-03-31,NA,NA,9,9675,444,27343
2016-04-09,NA,9,459,9149,533,4324
2016-04-11,NA,NA,3,9149,533,4324
2016-04-12,NA,NA,4,9149,533,4324
2016-04-15,NA,1,NA,9149,533,4324
2016-04-16,6,NA,NA,9149,533,4324
2016-04-17,NA,NA,32,9149,533,4324
2016-04-23,3,NA,NA,9149,533,4324
2016-04-29,NA,NA,113,9149,533,4324
2016-05-05,1,NA,NA,19957,561,2285
2016-05-05,1,NA,NA,19957,561,2285
2016-05-09,1,NA,NA,19957,561,2285
2016-05-09,1,NA,NA,19957,561,2285
2016-05-12,1,NA,NA,19957,561,2285
2016-05-12,1,NA,NA,19957,561,2285
2016-05-16,NA,NA,2,19957,561,2285
2016-05-16,NA,NA,2,19957,561,2285
2016-05-19,45,NA,NA,19957,561,2285
2016-05-19,45,NA,NA,19957,561,2285
2016-05-21,NA,NA,10,19957,561,2285
2016-05-21,NA,NA,10,19957,561,2285
2016-05-24,NA,NA,4,19957,561,2285
2016-05-24,NA,NA,4,19957,561,2285
2016-05-25,NA,NA,261,19957,561,2285
2016-05-25,NA,NA,261,19957,561,2285
2016-05-26,NA,NA,560,19957,561,2285
2016-05-26,NA,NA,560,19957,561,2285
2016-05-28,NA,NA,48,19957,561,2285
2016-05-28,NA,NA,48,19957,561,2285
2016-05-29,NA,NA,245,19957,561,2285
2016-05-29,NA,NA,245,19957,561,2285
2016-06-03,NA,NA,339,22344,900,2195
2016-06-07,1,NA,NA,22344,900,2195
2016-06-09,NA,NA,2,22344,900,2195
2016-06-12,NA,NA,1,22344,900,2195
2016-06-14,NA,NA,9,22344,900,2195
2016-06-17,NA,NA,2,22344,900,2195
2016-06-23,NA,NA,1,22344,900,2195
2016-06-24,NA,NA,17,22344,900,2195
2016-06-25,NA,NA,6,22344,900,2195
2016-06-26,NA,NA,1,22344,900,2195
2016-06-30,NA,NA,10,22344,900,2195
2016-07-02,NA,NA,17,23498,554,2420
2016-07-08,1,NA,NA,23498,554,2420
2016-07-12,NA,NA,25,23498,554,2420
2016-07-13,NA,7,NA,23498,554,2420
2016-07-19,NA,NA,1,23498,554,2420
2016-07-20,NA,NA,22,23498,554,2420
2016-07-22,10,NA,18,23498,554,2420
2016-07-31,NA,NA,125,23498,554,2420
2016-08-02,NA,NA,21,21294,1016,4401
2016-08-08,NA,NA,1,21294,1016,4401
2016-08-11,9,NA,NA,21294,1016,4401
2016-08-15,1,NA,4,21294,1016,4401
2016-08-17,1,NA,NA,21294,1016,4401
2016-08-18,NA,NA,7,21294,1016,4401
2016-08-21,NA,3,NA,21294,1016,4401
2016-08-23,7,NA,NA,21294,1016,4401
2016-08-25,NA,NA,1,21294,1016,4401
2016-08-26,1,NA,NA,21294,1016,4401
2016-08-29,NA,NA,2,21294,1016,4401
2016-08-31,NA,NA,4,21294,1016,4401
2016-09-01,NA,NA,1,16979,1417,3679
2016-09-02,NA,NA,3,16979,1417,3679
2016-09-05,NA,NA,20,16979,1417,3679
2016-09-07,NA,NA,4,16979,1417,3679
2016-09-14,NA,NA,5,16979,1417,3679
2016-09-15,NA,NA,1,16979,1417,3679
2016-09-20,NA,NA,1,16979,1417,3679
2016-09-21,NA,NA,288,16979,1417,3679
2016-09-28,NA,NA,18,16979,1417,3679
2016-09-29,NA,27,NA,16979,1417,3679
2016-10-03,NA,1,51,27390,1499,4195
2016-10-04,NA,NA,28,27390,1499,4195
2016-10-05,NA,NA,3,27390,1499,4195
2016-10-06,NA,1,NA,27390,1499,4195
2016-10-09,NA,NA,2,27390,1499,4195
2016-10-12,4,NA,NA,27390,1499,4195
2016-10-14,NA,NA,17,27390,1499,4195
2016-10-19,NA,NA,9,27390,1499,4195
2016-10-21,NA,NA,31,27390,1499,4195
2016-10-22,NA,NA,31,27390,1499,4195
2016-10-25,NA,NA,30,27390,1499,4195
2016-10-26,NA,NA,186,27390,1499,4195
2016-10-27,NA,NA,34,27390,1499,4195
2016-10-28,NA,NA,6,27390,1499,4195
2016-10-29,NA,NA,3,27390,1499,4195
2016-11-01,NA,NA,111,13554,909,2680
2016-11-02,NA,NA,128,13554,909,2680
2016-11-04,NA,1,NA,13554,909,2680
2016-11-05,NA,NA,23,13554,909,2680
2016-11-06,NA,NA,1,13554,909,2680
2016-11-09,NA,NA,26,13554,909,2680
2016-11-14,NA,NA,144,13554,909,2680
2016-11-15,NA,NA,99,13554,909,2680
2016-11-16,NA,4,103,13554,909,2680
2016-11-17,NA,NA,25,13554,909,2680
2016-11-18,NA,9,NA,13554,909,2680
2016-11-22,NA,NA,7,13554,909,2680
2016-11-23,NA,NA,28,13554,909,2680
2016-11-25,1,NA,NA,13554,909,2680
2016-11-26,NA,NA,8,13554,909,2680
2016-12-04,NA,NA,26,8435,1193,2131
2016-12-05,NA,NA,11,8435,1193,2131
2016-12-06,NA,NA,5,8435,1193,2131
2016-12-07,7,NA,2,8435,1193,2131
2016-12-08,NA,NA,10,8435,1193,2131
2016-12-09,NA,NA,3,8435,1193,2131
2016-12-10,NA,NA,8,8435,1193,2131
2016-12-11,NA,NA,21,8435,1193,2131
2016-12-13,NA,NA,92,8435,1193,2131
2016-12-14,NA,NA,20,8435,1193,2131
2016-12-19,NA,5,NA,8435,1193,2131
2016-12-22,NA,NA,105,8435,1193,2131
2016-12-23,NA,NA,61,8435,1193,2131
2016-12-24,NA,NA,1,8435,1193,2131
2016-12-31,NA,NA,2,8435,1193,2131
2017-01-01,2,NA,NA,4470,1086,1826
2017-01-02,NA,NA,1,4470,1086,1826
2017-01-04,3,NA,5,4470,1086,1826
2017-01-10,NA,NA,1,4470,1086,1826
2017-01-12,NA,NA,14,4470,1086,1826
2017-01-13,NA,NA,5,4470,1086,1826
2017-01-14,20,NA,176,4470,1086,1826
2017-01-15,NA,1,NA,4470,1086,1826
2017-01-21,NA,NA,6,4470,1086,1826
2017-01-24,NA,NA,10,4470,1086,1826
2017-01-27,NA,NA,5,4470,1086,1826
2017-01-28,NA,NA,2,4470,1086,1826
2017-01-30,3,NA,NA,4470,1086,1826
2017-02-04,NA,NA,3,8882,1388,1601
2017-02-05,NA,1,NA,8882,1388,1601
2017-02-08,NA,NA,1,8882,1388,1601
2017-02-12,2,NA,NA,8882,1388,1601
2017-02-15,9,NA,NA,8882,1388,1601
2017-02-19,NA,NA,124,8882,1388,1601
2017-02-20,NA,NA,74,8882,1388,1601
2017-02-23,1,NA,14,8882,1388,1601
2017-02-26,1,NA,1,8882,1388,1601
2017-03-01,1,NA,NA,10853,878,2631
2017-03-02,1,NA,NA,10853,878,2631
2017-03-03,1,NA,27,10853,878,2631
2017-03-04,NA,NA,6,10853,878,2631
2017-03-08,NA,NA,3,10853,878,2631
2017-03-09,NA,NA,11,10853,878,2631
2017-03-11,NA,NA,1,10853,878,2631
2017-03-18,NA,NA,8,10853,878,2631
2017-03-19,NA,NA,13,10853,878,2631
2017-03-20,NA,NA,10,10853,878,2631
2017-03-21,NA,NA,68,10853,878,2631
2017-03-22,NA,NA,1,10853,878,2631
2017-03-23,NA,NA,135,10853,878,2631
2017-03-24,4,11,1,10853,878,2631
2017-03-25,NA,NA,1,10853,878,2631
2017-03-26,NA,NA,2,10853,878,2631
2017-03-28,NA,NA,10,10853,878,2631
2017-03-29,NA,NA,3,10853,878,2631
2017-04-02,NA,1,NA,12870,873,1708
2017-04-07,NA,NA,3,12870,873,1708
2017-04-11,3,NA,NA,12870,873,1708
2017-04-12,5,NA,NA,12870,873,1708
2017-04-13,NA,NA,97,12870,873,1708
2017-04-14,1,NA,NA,12870,873,1708
2017-04-15,NA,NA,5,12870,873,1708
2017-04-16,NA,NA,42,12870,873,1708
2017-04-18,NA,NA,131,12870,873,1708
2017-04-23,NA,NA,1,12870,873,1708
2017-04-24,NA,23,NA,12870,873,1708
2017-04-26,NA,NA,1,12870,873,1708
2017-05-01,NA,NA,6,22997,940,2687
2017-05-02,NA,NA,1,22997,940,2687
2017-05-03,NA,NA,19,22997,940,2687
2017-05-04,NA,NA,1,22997,940,2687
2017-05-07,NA,NA,195,22997,940,2687
2017-05-15,1,NA,20,22997,940,2687
2017-05-16,NA,NA,4,22997,940,2687
2017-05-17,NA,NA,2,22997,940,2687
2017-05-19,1,NA,158,22997,940,2687
2017-05-24,NA,NA,1,22997,940,2687
2017-05-25,NA,NA,2,22997,940,2687
2017-05-26,NA,NA,84,22997,940,2687
2017-05-27,NA,NA,78,22997,940,2687
2017-05-28,NA,NA,7,22997,940,2687
2017-05-29,NA,NA,30,22997,940,2687
2017-05-31,NA,NA,13,22997,940,2687
2017-06-03,NA,NA,4,23461,2387,3011
2017-06-03,NA,NA,4,23461,2387,3011
2017-06-04,NA,NA,21,23461,2387,3011
2017-06-04,NA,NA,21,23461,2387,3011
2017-06-09,2,NA,1,23461,2387,3011
2017-06-09,2,NA,1,23461,2387,3011
2017-06-10,NA,NA,70,23461,2387,3011
2017-06-10,NA,NA,70,23461,2387,3011
2017-06-12,2,NA,2,23461,2387,3011
2017-06-12,2,NA,2,23461,2387,3011
2017-06-13,NA,NA,2,23461,2387,3011
2017-06-13,NA,NA,2,23461,2387,3011
2017-06-15,NA,NA,133,23461,2387,3011
2017-06-15,NA,NA,133,23461,2387,3011
2017-06-16,5,NA,8,23461,2387,3011
2017-06-16,5,NA,8,23461,2387,3011
2017-06-17,NA,NA,117,23461,2387,3011
2017-06-17,NA,NA,117,23461,2387,3011
2017-06-18,NA,NA,16,23461,2387,3011
2017-06-18,NA,NA,16,23461,2387,3011
2017-06-19,NA,NA,7,23461,2387,3011
2017-06-19,NA,NA,7,23461,2387,3011
2017-06-20,1,NA,3,23461,2387,3011
2017-06-20,1,NA,3,23461,2387,3011
2017-06-21,NA,NA,23,23461,2387,3011
2017-06-21,NA,NA,23,23461,2387,3011
2017-06-22,NA,NA,1,23461,2387,3011
2017-06-22,NA,NA,1,23461,2387,3011
2017-06-24,NA,NA,1,23461,2387,3011
2017-06-24,NA,NA,1,23461,2387,3011
2017-06-25,NA,NA,2,23461,2387,3011
2017-06-25,NA,NA,2,23461,2387,3011
2017-06-26,NA,NA,4,23461,2387,3011
2017-06-26,NA,NA,4,23461,2387,3011
2017-06-27,NA,NA,8,23461,2387,3011
2017-06-27,NA,NA,8,23461,2387,3011
2017-06-28,NA,NA,34,23461,2387,3011
2017-06-28,NA,NA,34,23461,2387,3011
2017-06-29,NA,NA,1,23461,2387,3011
2017-06-29,NA,NA,1,23461,2387,3011
2017-06-30,NA,NA,71,23461,2387,3011
2017-06-30,NA,NA,71,23461,2387,3011
2017-07-01,NA,NA,9,11460,2170,3411
2017-07-03,NA,NA,4,11460,2170,3411
2017-07-04,49,NA,NA,11460,2170,3411
2017-07-08,NA,NA,35,11460,2170,3411
2017-07-10,NA,NA,1,11460,2170,3411
2017-07-11,3,NA,NA,11460,2170,3411
2017-07-12,1,NA,NA,11460,2170,3411
2017-07-15,1,NA,NA,11460,2170,3411
2017-07-16,1,NA,NA,11460,2170,3411
2017-07-20,NA,NA,1,11460,2170,3411
2017-07-25,NA,NA,18,11460,2170,3411
2017-07-27,NA,8,NA,11460,2170,3411
2017-07-31,1,NA,NA,11460,2170,3411
2017-08-01,NA,NA,8,3914,2450,4782
2017-08-06,NA,NA,8,3914,2450,4782
2017-08-07,NA,NA,2,3914,2450,4782
2017-08-09,1,NA,NA,3914,2450,4782
2017-08-27,NA,NA,5,3914,2450,4782
2017-08-30,NA,NA,120,3914,2450,4782
2017-08-31,7,NA,NA,3914,2450,4782
2017-09-11,3,NA,1,6266,1527,7136
2017-09-13,7,NA,NA,6266,1527,7136
2017-09-15,NA,NA,3,6266,1527,7136
2017-09-20,NA,NA,97,6266,1527,7136
2017-09-24,2,NA,NA,6266,1527,7136
2017-09-28,NA,1,NA,6266,1527,7136
2017-09-30,NA,NA,1,6266,1527,7136
2017-10-01,NA,NA,6,5923,3516,5573
2017-10-03,NA,NA,68,5923,3516,5573
2017-10-08,NA,NA,49,5923,3516,5573
2017-10-11,NA,NA,4,5923,3516,5573
2017-10-13,NA,NA,28,5923,3516,5573
2017-10-15,NA,NA,1,5923,3516,5573
2017-10-16,NA,NA,1,5923,3516,5573
2017-10-19,NA,NA,1,5923,3516,5573
2017-10-22,1,NA,8,5923,3516,5573
2017-10-26,1,NA,NA,5923,3516,5573
2017-10-29,5,NA,NA,5923,3516,5573
2017-10-30,2,NA,NA,5923,3516,5573
2017-11-01,NA,NA,8,5583,3802,4712
2017-11-03,NA,10,90,5583,3802,4712
2017-11-04,1,NA,NA,5583,3802,4712
2017-11-06,NA,4,34,5583,3802,4712
2017-11-07,1,NA,NA,5583,3802,4712
2017-11-09,2,NA,NA,5583,3802,4712
2017-11-12,NA,NA,2,5583,3802,4712
2017-11-16,NA,NA,1,5583,3802,4712
2017-11-17,4,NA,NA,5583,3802,4712
2017-11-19,4,NA,NA,5583,3802,4712
2017-11-22,NA,NA,6,5583,3802,4712
2017-11-23,NA,NA,21,5583,3802,4712
2017-11-25,8,1,31,5583,3802,4712
2017-11-27,1,NA,NA,5583,3802,4712
2017-11-28,1,NA,NA,5583,3802,4712
2017-11-29,4,NA,NA,5583,3802,4712
2017-11-30,28,NA,NA,5583,3802,4712
2017-12-03,3,NA,NA,2283,2046,3241
2017-12-04,5,NA,NA,2283,2046,3241
2017-12-08,NA,NA,8,2283,2046,3241
2017-12-13,2,NA,NA,2283,2046,3241
2017-12-14,1,NA,NA,2283,2046,3241
2017-12-15,1,NA,NA,2283,2046,3241
2017-12-16,3,NA,NA,2283,2046,3241
2017-12-22,1,NA,1,2283,2046,3241
2017-12-25,NA,1,NA,2283,2046,3241
2018-01-04,1,NA,NA,4150,1607,2303
2018-01-05,4,NA,NA,4150,1607,2303
2018-01-06,NA,NA,64,4150,1607,2303
2018-01-07,NA,NA,12,4150,1607,2303
2018-01-09,11,NA,100,4150,1607,2303
2018-01-12,1,NA,NA,4150,1607,2303
2018-01-13,1,NA,NA,4150,1607,2303
2018-01-16,2,NA,3,4150,1607,2303
2018-01-20,2,NA,NA,4150,1607,2303
2018-01-21,NA,NA,1,4150,1607,2303
2018-01-23,4,NA,NA,4150,1607,2303
2018-01-26,2,NA,NA,4150,1607,2303
2018-01-27,NA,NA,34,4150,1607,2303
2018-01-28,NA,NA,1,4150,1607,2303
2018-02-01,NA,1,100,1065,1071,1826
2018-02-03,47,NA,NA,1065,1071,1826
2018-02-08,1,NA,NA,1065,1071,1826
2018-02-09,3,NA,7,1065,1071,1826
2018-02-10,1,NA,NA,1065,1071,1826
2018-02-11,6,NA,NA,1065,1071,1826
2018-02-12,2,NA,NA,1065,1071,1826
2018-02-13,1,NA,NA,1065,1071,1826
2018-02-14,2,NA,NA,1065,1071,1826
2018-02-15,3,NA,11,1065,1071,1826
2018-02-16,1,NA,2,1065,1071,1826
2018-02-17,1,NA,NA,1065,1071,1826
2018-02-18,2,NA,NA,1065,1071,1826
2018-02-19,NA,NA,1,1065,1071,1826
2018-02-21,2,NA,NA,1065,1071,1826
2018-02-25,1,NA,NA,1065,1071,1826
2018-02-26,1,NA,NA,1065,1071,1826
2018-02-28,1,NA,NA,1065,1071,1826
2018-03-03,3,NA,21,977,882,4053
2018-03-08,1,NA,NA,977,882,4053
2018-03-12,NA,NA,1,977,882,4053
2018-03-15,12,NA,NA,977,882,4053
2018-03-17,NA,19,NA,977,882,4053
2018-03-18,1,NA,NA,977,882,4053
2018-03-20,NA,NA,1,977,882,4053
2018-03-29,7,NA,NA,977,882,4053
2018-03-31,1,NA,NA,977,882,4053
2018-04-01,13,NA,NA,3083,1196,7272
2018-04-02,1,NA,NA,3083,1196,7272
2018-04-06,2,NA,NA,3083,1196,7272
2018-04-09,36,NA,NA,3083,1196,7272
2018-04-13,1,NA,NA,3083,1196,7272
2018-04-14,1,NA,NA,3083,1196,7272
2018-04-22,NA,NA,11,3083,1196,7272
2018-04-25,17,NA,NA,3083,1196,7272
2018-04-29,19,NA,NA,3083,1196,7272
2018-04-30,NA,NA,9,3083,1196,7272
2018-05-06,NA,NA,4,3794,3398,5256
2018-05-10,1,NA,NA,3794,3398,5256
2018-05-12,NA,NA,1,3794,3398,5256
2018-05-13,NA,9,NA,3794,3398,5256
2018-05-14,NA,7,NA,3794,3398,5256
2018-05-24,18,NA,NA,3794,3398,5256
2018-05-25,NA,NA,5,3794,3398,5256
2018-05-26,NA,NA,1,3794,3398,5256
2018-05-29,2,NA,NA,3794,3398,5256
2018-06-02,3,10,112,3244,5908,4813
2018-06-03,NA,NA,1,3244,5908,4813
2018-06-08,NA,NA,1,3244,5908,4813
2018-06-09,NA,NA,2,3244,5908,4813
2018-06-10,4,NA,NA,3244,5908,4813
2018-06-11,NA,NA,2,3244,5908,4813
2018-06-12,NA,NA,76,3244,5908,4813
2018-06-14,1,NA,NA,3244,5908,4813
2018-06-15,4,NA,NA,3244,5908,4813
2018-06-17,43,NA,1,3244,5908,4813
2018-06-18,NA,NA,5,3244,5908,4813
2018-06-19,NA,NA,171,3244,5908,4813
2018-06-20,NA,NA,51,3244,5908,4813
2018-06-21,NA,NA,26,3244,5908,4813
2018-06-24,NA,NA,12,3244,5908,4813
2018-06-29,NA,NA,104,3244,5908,4813
2018-07-01,NA,NA,114,1811,8926,4532
2018-07-03,1,NA,6,1811,8926,4532
2018-07-09,NA,NA,9,1811,8926,4532
2018-07-12,2,NA,NA,1811,8926,4532
2018-07-13,NA,NA,4,1811,8926,4532
2018-07-15,NA,NA,17,1811,8926,4532
2018-07-17,NA,NA,3,1811,8926,4532
2018-07-18,NA,44,NA,1811,8926,4532
2018-07-19,NA,NA,2,1811,8926,4532
2018-07-20,3,NA,NA,1811,8926,4532
2018-07-24,10,NA,NA,1811,8926,4532
2018-07-25,NA,NA,2,1811,8926,4532
2018-07-29,NA,6,NA,1811,8926,4532
2018-07-30,1,NA,NA,1811,8926,4532
2018-08-07,1,1,NA,1822,6775,4901
2018-08-09,NA,9,NA,1822,6775,4901
2018-08-10,13,NA,NA,1822,6775,4901
2018-08-14,37,NA,NA,1822,6775,4901
2018-08-17,NA,NA,8,1822,6775,4901
2018-08-20,NA,NA,9,1822,6775,4901
2018-08-22,NA,NA,2,1822,6775,4901
2018-08-24,2,NA,NA,1822,6775,4901
2018-08-29,52,NA,NA,1822,6775,4901
2018-09-01,NA,NA,130,852,7789,6466
2018-09-03,66,NA,NA,852,7789,6466
2018-09-04,0,NA,NA,852,7789,6466
2018-09-05,11,NA,NA,852,7789,6466
2018-09-10,6,NA,NA,852,7789,6466
2018-09-11,1,NA,NA,852,7789,6466
2018-09-13,4,NA,NA,852,7789,6466
2018-09-15,1,NA,NA,852,7789,6466
2018-09-16,1,NA,NA,852,7789,6466
2018-09-17,1,3,NA,852,7789,6466
2018-09-18,1,NA,NA,852,7789,6466
2018-09-19,1,NA,NA,852,7789,6466
2018-09-20,1,NA,NA,852,7789,6466
2018-09-21,1,NA,NA,852,7789,6466
2018-09-22,NA,1,NA,852,7789,6466
2018-09-23,1,1,NA,852,7789,6466
2018-09-25,2,NA,NA,852,7789,6466
2018-09-28,1,NA,NA,852,7789,6466
2018-09-30,NA,7,NA,852,7789,6466
2018-10-01,34,NA,1,1040,9526,6782
2018-10-07,NA,NA,6,1040,9526,6782
2018-10-08,NA,34,NA,1040,9526,6782
2018-10-10,2,NA,NA,1040,9526,6782
2018-10-11,4,NA,NA,1040,9526,6782
2018-10-12,26,NA,NA,1040,9526,6782
2018-10-14,1,NA,NA,1040,9526,6782
2018-10-15,2,NA,NA,1040,9526,6782
2018-10-20,1,NA,NA,1040,9526,6782
2018-10-21,2,NA,NA,1040,9526,6782
2018-10-22,NA,3,NA,1040,9526,6782
2018-10-25,2,NA,NA,1040,9526,6782
2018-10-26,14,NA,NA,1040,9526,6782
2018-10-27,55,1,NA,1040,9526,6782
2018-10-29,1,NA,NA,1040,9526,6782
2018-11-05,54,NA,NA,1091,4823,3856
2018-11-08,NA,NA,5,1091,4823,3856
2018-11-10,3,NA,1,1091,4823,3856
2018-11-12,NA,10,NA,1091,4823,3856
2018-11-15,NA,NA,10,1091,4823,3856
2018-11-19,9,1,NA,1091,4823,3856
2018-11-22,14,NA,7,1091,4823,3856
2018-11-24,30,NA,NA,1091,4823,3856
2018-11-28,3,NA,NA,1091,4823,3856
2018-11-29,1,NA,NA,1091,4823,3856
2018-11-30,NA,NA,1,1091,4823,3856
2018-12-02,2,NA,NA,556,4344,4500
2018-12-04,6,NA,15,556,4344,4500
2018-12-06,1,NA,NA,556,4344,4500
2018-12-11,2,NA,NA,556,4344,4500
2018-12-18,1,NA,8,556,4344,4500
2018-12-20,45,NA,NA,556,4344,4500
2018-12-21,1,NA,NA,556,4344,4500
2018-12-23,14,NA,NA,556,4344,4500
2018-12-24,4,NA,NA,556,4344,4500
2018-12-28,NA,7,NA,556,4344,4500
2019-01-02,2,NA,6,199,4082,3244
2019-01-03,NA,NA,3,199,4082,3244
2019-01-04,1,NA,2,199,4082,3244
2019-01-05,1,NA,NA,199,4082,3244
2019-01-07,NA,NA,2,199,4082,3244
2019-01-09,NA,NA,1,199,4082,3244
2019-01-11,1,NA,NA,199,4082,3244
2019-01-12,NA,NA,1,199,4082,3244
2019-01-13,NA,NA,5,199,4082,3244
2019-01-14,NA,1,5,199,4082,3244
2019-01-15,1,NA,1,199,4082,3244
2019-01-17,53,NA,NA,199,4082,3244
2019-01-18,NA,1,117,199,4082,3244
2019-01-20,NA,NA,2,199,4082,3244
2019-01-21,2,NA,7,199,4082,3244
2019-01-22,1,NA,NA,199,4082,3244
2019-02-06,3,NA,1,60,919,2756
2019-02-09,5,NA,NA,60,919,2756
2019-02-11,3,NA,NA,60,919,2756
2019-02-13,NA,1,NA,60,919,2756
2019-02-14,1,NA,3,60,919,2756
2019-02-21,1,NA,NA,60,919,2756
2019-02-24,NA,NA,1,60,919,2756
2019-02-25,NA,NA,1,60,919,2756
2019-02-28,6,NA,NA,60,919,2756
2019-03-03,1,NA,NA,414,491,3806
2019-03-07,NA,3,NA,414,491,3806
2019-03-08,NA,NA,2,414,491,3806
2019-03-09,NA,NA,1,414,491,3806
2019-03-10,NA,2,NA,414,491,3806
2019-03-14,45,NA,NA,414,491,3806
2019-03-18,3,NA,NA,414,491,3806
2019-03-19,1,NA,4,414,491,3806
2019-03-22,1,NA,NA,414,491,3806
2019-03-23,NA,NA,49,414,491,3806
2019-03-26,2,4,NA,414,491,3806
2019-03-28,NA,2,NA,414,491,3806
2019-04-01,1,NA,50,271,965,3811
2019-04-02,1,NA,NA,271,965,3811
2019-04-06,NA,1,NA,271,965,3811
2019-04-07,NA,3,NA,271,965,3811
2019-04-10,NA,NA,1,271,965,3811
2019-04-14,NA,1,1,271,965,3811
2019-04-22,4,NA,NA,271,965,3811
2019-04-29,1,NA,NA,271,965,3811
2019-05-01,9,1,NA,1143,1511,3931
2019-05-02,5,NA,NA,1143,1511,3931
2019-05-03,1,12,NA,1143,1511,3931
2019-05-04,1,NA,NA,1143,1511,3931
2019-05-08,2,NA,NA,1143,1511,3931
2019-05-10,NA,NA,59,1143,1511,3931
2019-05-12,NA,NA,1,1143,1511,3931
2019-05-13,NA,5,NA,1143,1511,3931
2019-05-21,1,NA,NA,1143,1511,3931
2019-05-22,3,NA,NA,1143,1511,3931
2019-05-23,1,NA,5,1143,1511,3931
2019-05-29,2,NA,NA,1143,1511,3931
2019-06-02,1,NA,27,1785,2360,4886
2019-06-06,1,NA,NA,1785,2360,4886
2019-06-07,3,NA,NA,1785,2360,4886
2019-06-09,1,NA,NA,1785,2360,4886
2019-06-10,1,NA,NA,1785,2360,4886
2019-06-11,NA,7,NA,1785,2360,4886
2019-06-12,5,NA,NA,1785,2360,4886
2019-06-17,NA,12,NA,1785,2360,4886
2019-06-19,22,NA,NA,1785,2360,4886
2019-06-29,1,NA,NA,1785,2360,4886
2019-07-02,NA,NA,60,1276,2867,6615
2019-07-03,NA,NA,83,1276,2867,6615
2019-07-16,1,NA,NA,1276,2867,6615
2019-07-22,1,NA,NA,1276,2867,6615
2019-07-23,1,1,8,1276,2867,6615
2019-07-24,1,NA,NA,1276,2867,6615
2019-07-25,NA,NA,150,1276,2867,6615
2019-08-02,2,NA,NA,1883,2172,9980
2019-08-05,NA,NA,2,1883,2172,9980
2019-08-09,NA,NA,1,1883,2172,9980
2019-08-13,NA,NA,14,1883,2172,9980
2019-08-17,NA,NA,2,1883,2172,9980
2019-08-19,NA,NA,100,1883,2172,9980
2019-08-22,4,NA,NA,1883,2172,9980
2019-08-27,NA,NA,41,1883,2172,9980
2019-08-28,NA,NA,7,1883,2172,9980
2019-09-01,1,NA,NA,2793,2783,13140
2019-09-03,15,NA,NA,2793,2783,13140
2019-09-04,NA,NA,1,2793,2783,13140
2019-09-05,4,NA,NA,2793,2783,13140
2019-09-06,NA,1,NA,2793,2783,13140
2019-09-07,NA,NA,1,2793,2783,13140
2019-09-11,1,NA,NA,2793,2783,13140
2019-09-13,NA,NA,4,2793,2783,13140
2019-09-17,9,NA,7,2793,2783,13140
2019-09-18,14,NA,4,2793,2783,13140
2019-09-19,NA,NA,1,2793,2783,13140
2019-09-20,NA,1,NA,2793,2783,13140
2019-09-24,1,NA,NA,2793,2783,13140
2019-09-25,2,NA,1,2793,2783,13140
2019-09-26,7,NA,NA,2793,2783,13140
2019-09-27,1,7,NA,2793,2783,13140
2019-09-28,54,NA,NA,2793,2783,13140
2019-10-04,1,NA,NA,2185,3080,12230
2019-10-07,NA,NA,32,2185,3080,12230
2019-10-14,NA,2,NA,2185,3080,12230
2019-10-18,1,NA,NA,2185,3080,12230
2019-10-19,NA,NA,57,2185,3080,12230
2019-10-23,NA,2,NA,2185,3080,12230
2019-10-27,1,NA,NA,2185,3080,12230
2019-10-28,NA,1,NA,2185,3080,12230
2019-10-31,NA,NA,2,2185,3080,12230
2019-11-01,NA,NA,1,1411,1220,10883
2019-11-03,NA,NA,1,1411,1220,10883
2019-11-07,1,NA,NA,1411,1220,10883
2019-11-08,1,NA,NA,1411,1220,10883
2019-11-13,2,NA,NA,1411,1220,10883
2019-11-20,NA,NA,65,1411,1220,10883
2019-11-21,NA,NA,94,1411,1220,10883
2019-11-22,NA,NA,6,1411,1220,10883
2019-11-23,NA,NA,39,1411,1220,10883
2019-11-26,96,NA,NA,1411,1220,10883
2019-11-28,NA,NA,3,1411,1220,10883
2019-11-29,NA,NA,70,1411,1220,10883
2019-12-06,1,NA,NA,583,1519,8051
2019-12-10,7,NA,NA,583,1519,8051
2019-12-16,107,NA,1,583,1519,8051
2019-12-17,6,NA,NA,583,1519,8051
2019-12-18,4,NA,NA,583,1519,8051
2019-12-19,1,NA,NA,583,1519,8051
2019-12-24,1,NA,NA,583,1519,8051
2019-12-30,2,NA,46,583,1519,8051
2020-01-03,NA,15,NA,1774,1143,4443
2020-01-04,2,NA,NA,1774,1143,4443
2020-01-05,1,5,1,1774,1143,4443
2020-01-06,17,NA,NA,1774,1143,4443
2020-01-07,1,NA,NA,1774,1143,4443
2020-01-08,26,NA,NA,1774,1143,4443
2020-01-09,NA,NA,1,1774,1143,4443
2020-01-11,NA,43,1,1774,1143,4443
2020-01-12,2,NA,3,1774,1143,4443
2020-01-25,NA,5,NA,1774,1143,4443
2020-02-01,6,NA,NA,1649,1235,3638
2020-02-09,1,NA,91,1649,1235,3638
2020-02-14,1,NA,18,1649,1235,3638
2020-02-22,1,NA,NA,1649,1235,3638
2020-02-25,NA,NA,1,1649,1235,3638
2020-03-02,NA,4,NA,375,540,3238
2020-03-10,NA,NA,20,375,540,3238
2020-03-12,8,NA,NA,375,540,3238
2020-03-30,3,NA,NA,375,540,3238
2020-04-01,NA,NA,6,723,168,139
2020-04-14,NA,NA,12,723,168,139
2020-04-15,1,NA,NA,723,168,139
2020-05-07,1,NA,NA,1740,698,303
2020-05-20,NA,NA,1,1740,698,303
2020-05-23,NA,NA,7,1740,698,303
2020-05-25,NA,NA,2,1740,698,303
2020-05-28,NA,NA,1,1740,698,303
2020-06-09,NA,NA,61,2228,810,681
2020-06-13,NA,NA,12,2228,810,681
2020-06-19,NA,NA,1,2228,810,681
2020-06-20,NA,NA,5,2228,810,681
2020-06-21,6,NA,NA,2228,810,681
2020-06-27,NA,NA,8,2228,810,681
2020-06-29,NA,4,1,2228,810,681
2020-06-30,NA,NA,1,2228,810,681
2020-07-08,NA,NA,7,7232,2048,928
2020-07-10,NA,NA,2,7232,2048,928
2020-07-12,NA,NA,4,7232,2048,928
2020-07-14,NA,NA,1,7232,2048,928
2020-07-15,NA,NA,1,7232,2048,928
2020-07-19,NA,NA,2,7232,2048,928
2020-07-20,2,NA,NA,7232,2048,928
2020-07-21,NA,NA,1,7232,2048,928
2020-07-22,6,NA,NA,7232,2048,928
2020-07-24,7,NA,NA,7232,2048,928
2020-07-26,NA,NA,5,7232,2048,928
2020-07-27,NA,NA,4,7232,2048,928
2020-07-29,NA,NA,39,7232,2048,928
2020-07-30,3,NA,1,7232,2048,928
2020-07-31,2,NA,NA,7232,2048,928
2020-08-01,NA,NA,10,5442,2080,1250
2020-08-02,8,NA,2,5442,2080,1250
2020-08-05,NA,NA,3,5442,2080,1250
2020-08-08,4,NA,1,5442,2080,1250
2020-08-10,2,NA,1,5442,2080,1250
2020-08-15,2,NA,NA,5442,2080,1250
2020-08-17,NA,NA,45,5442,2080,1250
2020-08-19,NA,NA,3,5442,2080,1250
2020-08-20,1,NA,8,5442,2080,1250
2020-08-22,11,NA,NA,5442,2080,1250
2020-08-23,NA,NA,22,5442,2080,1250
2020-08-25,NA,2,NA,5442,2080,1250
2020-08-27,1,NA,NA,5442,2080,1250
2020-08-28,NA,NA,8,5442,2080,1250
2020-08-30,NA,NA,4,5442,2080,1250
2020-08-31,NA,NA,3,5442,2080,1250
2020-09-01,1,NA,NA,4262,2880,1360
2020-09-04,NA,NA,2,4262,2880,1360
2020-09-05,1,NA,NA,4262,2880,1360
2020-09-07,1,NA,NA,4262,2880,1360
2020-09-08,NA,2,NA,4262,2880,1360
2020-09-09,1,NA,NA,4262,2880,1360
2020-09-10,1,NA,NA,4262,2880,1360
2020-09-14,NA,16,24,4262,2880,1360
2020-09-17,17,NA,1,4262,2880,1360
2020-09-19,5,2,5,4262,2880,1360
2020-09-21,NA,0,112,4262,2880,1360
2020-09-24,NA,NA,1,4262,2880,1360
2020-09-25,3,NA,31,4262,2880,1360
2020-09-28,3,NA,9,4262,2880,1360
2020-09-29,NA,NA,1,4262,2880,1360
2020-09-30,1,NA,NA,4262,2880,1360
2020-10-01,1,NA,2,3374,2804,1829
2020-10-06,4,NA,NA,3374,2804,1829
2020-10-08,1,NA,NA,3374,2804,1829
2020-10-09,NA,NA,2,3374,2804,1829
2020-10-10,3,NA,NA,3374,2804,1829
2020-10-11,NA,NA,23,3374,2804,1829
2020-10-12,2,NA,1,3374,2804,1829
2020-10-13,12,NA,NA,3374,2804,1829
2020-10-16,12,NA,NA,3374,2804,1829
2020-10-18,7,NA,NA,3374,2804,1829
2020-10-19,NA,NA,5,3374,2804,1829
2020-10-20,NA,NA,39,3374,2804,1829
2020-10-21,1,NA,NA,3374,2804,1829
2020-10-22,NA,NA,10,3374,2804,1829
2020-10-23,1,NA,NA,3374,2804,1829
2020-10-24,1,NA,NA,3374,2804,1829
2020-10-25,1,NA,15,3374,2804,1829
2020-10-30,NA,NA,1,3374,2804,1829
2020-10-31,NA,NA,10,3374,2804,1829
2020-11-01,2,NA,NA,5348,1812,1589
2020-11-02,1,NA,NA,5348,1812,1589
2020-11-03,1,NA,1,5348,1812,1589
2020-11-04,7,NA,NA,5348,1812,1589
2020-11-05,14,NA,NA,5348,1812,1589
2020-11-08,NA,1,3,5348,1812,1589
2020-11-09,2,NA,11,5348,1812,1589
2020-11-10,11,NA,14,5348,1812,1589
2020-11-11,NA,NA,5,5348,1812,1589
2020-11-12,11,NA,96,5348,1812,1589
2020-11-13,14,NA,2,5348,1812,1589
2020-11-18,NA,NA,2,5348,1812,1589
2020-11-19,NA,NA,50,5348,1812,1589
2020-11-23,13,1,NA,5348,1812,1589
2020-11-24,13,NA,NA,5348,1812,1589
2020-11-26,6,NA,2,5348,1812,1589
2020-11-27,NA,NA,1,5348,1812,1589
2020-12-01,2,NA,NA,1526,1010,882
2020-12-02,NA,2,NA,1526,1010,882
2020-12-13,NA,NA,2,1526,1010,882
2020-12-14,NA,NA,5,1526,1010,882
2020-12-16,NA,NA,7,1526,1010,882
2020-12-17,23,NA,NA,1526,1010,882
2020-12-18,7,1,18,1526,1010,882
2020-12-19,NA,3,NA,1526,1010,882
2020-12-20,NA,NA,1,1526,1010,882
2020-12-23,5,NA,NA,1526,1010,882
2020-12-24,4,NA,41,1526,1010,882
2020-12-25,1,NA,13,1526,1010,882
2021-01-02,7,NA,NA,3618,940,912
2021-01-03,2,NA,8,3618,940,912
2021-01-04,1,NA,NA,3618,940,912
2021-01-06,2,NA,NA,3618,940,912
2021-01-07,10,NA,NA,3618,940,912
2021-01-08,2,NA,NA,3618,940,912
2021-01-10,2,NA,3,3618,940,912
2021-01-11,NA,NA,1,3618,940,912
2021-01-12,1,NA,NA,3618,940,912
2021-01-18,3,NA,NA,3618,940,912
2021-01-19,NA,1,43,3618,940,912
2021-01-24,1,NA,17,3618,940,912
2021-01-25,NA,1,NA,3618,940,912
2021-01-26,3,NA,2,3618,940,912
2021-01-27,1,NA,NA,3618,940,912
2021-01-29,NA,NA,6,3618,940,912
2021-01-31,NA,NA,1,3618,940,912
2021-02-03,NA,NA,2,4059,696,556
2021-02-04,6,NA,2,4059,696,556
2021-02-05,NA,NA,6,4059,696,556
2021-02-07,5,NA,2,4059,696,556
2021-02-09,1,NA,NA,4059,696,556
2021-02-10,NA,NA,6,4059,696,556
2021-02-11,NA,NA,2,4059,696,556
2021-02-13,NA,NA,23,4059,696,556
2021-02-14,2,NA,2,4059,696,556
2021-02-15,NA,NA,1,4059,696,556
2021-02-17,NA,NA,2,4059,696,556
2021-02-18,NA,NA,1,4059,696,556
2021-02-19,NA,NA,2,4059,696,556
2021-02-20,1,NA,45,4059,696,556
2021-02-21,NA,NA,14,4059,696,556
2021-02-22,2,NA,1,4059,696,556
2021-02-24,NA,NA,1,4059,696,556
2021-02-28,NA,NA,17,4059,696,556
2021-03-01,1,NA,NA,2385,1307,1493
2021-03-02,3,NA,NA,2385,1307,1493
2021-03-08,2,NA,NA,2385,1307,1493
2021-03-09,NA,NA,39,2385,1307,1493
2021-03-10,NA,NA,1,2385,1307,1493
2021-03-11,NA,NA,2,2385,1307,1493
2021-03-13,2,NA,NA,2385,1307,1493
2021-03-16,11,NA,NA,2385,1307,1493
2021-03-18,NA,NA,66,2385,1307,1493
2021-03-19,NA,4,NA,2385,1307,1493
2021-03-27,11,NA,NA,2385,1307,1493
2021-03-28,1,NA,NA,2385,1307,1493
2021-03-30,NA,NA,5,2385,1307,1493
2021-04-03,2,NA,NA,1479,258,1878
2021-04-04,2,NA,8,1479,258,1878
2021-04-07,1,NA,NA,1479,258,1878
2021-04-08,5,NA,NA,1479,258,1878
2021-04-11,1,NA,7,1479,258,1878
2021-04-13,NA,NA,1,1479,258,1878
2021-04-14,2,NA,NA,1479,258,1878
2021-04-15,NA,NA,41,1479,258,1878
2021-04-17,NA,NA,2,1479,258,1878
2021-04-20,9,NA,NA,1479,258,1878
2021-04-21,NA,NA,2,1479,258,1878
2021-04-22,NA,NA,132,1479,258,1878
2021-04-24,3,NA,NA,1479,258,1878
2021-04-25,2,NA,NA,1479,258,1878
2021-04-26,NA,NA,1,1479,258,1878
2021-04-28,NA,NA,1,1479,258,1878
2021-04-29,1,NA,NA,1479,258,1878
2021-05-02,NA,NA,12,5703,1759,1433
2021-05-03,NA,NA,1,5703,1759,1433
2021-05-07,NA,NA,1,5703,1759,1433
2021-05-09,NA,NA,23,5703,1759,1433
2021-05-10,NA,NA,28,5703,1759,1433
2021-05-12,NA,NA,1,5703,1759,1433
2021-05-13,NA,NA,17,5703,1759,1433
2021-05-15,NA,NA,2,5703,1759,1433
2021-05-17,1,NA,58,5703,1759,1433
2021-05-19,21,NA,NA,5703,1759,1433
2021-05-20,7,NA,NA,5703,1759,1433
2021-05-21,NA,NA,2,5703,1759,1433
2021-05-22,1,NA,2,5703,1759,1433
2021-05-23,11,NA,1,5703,1759,1433
2021-05-24,NA,NA,2,5703,1759,1433
2021-05-25,1,NA,2,5703,1759,1433
2021-05-26,NA,NA,4,5703,1759,1433
2021-05-27,NA,NA,1,5703,1759,1433
2021-05-29,1,NA,NA,5703,1759,1433
2021-06-01,NA,NA,25,5855,1179,1660
2021-06-02,NA,NA,2,5855,1179,1660
2021-06-04,NA,NA,1,5855,1179,1660
2021-06-06,1,NA,1,5855,1179,1660
2021-06-11,NA,NA,1,5855,1179,1660
2021-06-13,NA,NA,4,5855,1179,1660
2021-06-14,NA,NA,3,5855,1179,1660
2021-06-15,1,NA,1,5855,1179,1660
2021-06-19,NA,NA,1,5855,1179,1660
2021-06-24,NA,NA,1,5855,1179,1660
2021-06-26,NA,NA,1,5855,1179,1660
2021-06-27,NA,NA,2,5855,1179,1660
2021-06-28,NA,NA,22,5855,1179,1660
2021-06-30,17,NA,29,5855,1179,1660
2021-07-01,11,NA,5,NA,NA,NA
2021-07-02,NA,NA,20,NA,NA,NA
2021-07-03,14,NA,56,NA,NA,NA
2021-07-04,NA,NA,41,NA,NA,NA
2021-07-05,NA,NA,23,NA,NA,NA
2021-07-06,NA,NA,1,NA,NA,NA
2021-07-07,8,NA,NA,NA,NA,NA
2021-07-10,NA,NA,8,NA,NA,NA
2021-07-11,NA,NA,17,NA,NA,NA
2021-07-14,NA,NA,3,NA,NA,NA
2021-07-17,NA,NA,1,NA,NA,NA
2021-07-21,1,NA,18,NA,NA,NA
2021-07-22,NA,8,NA,NA,NA,NA
2021-07-23,1,NA,1,NA,NA,NA
2021-07-24,1,NA,2,NA,NA,NA
2021-07-26,NA,NA,57,NA,NA,NA
2021-07-27,1,NA,NA,NA,NA,NA
2021-07-28,NA,NA,8,NA,NA,NA
2021-07-29,NA,NA,1,NA,NA,NA
2021-07-30,NA,3,NA,NA,NA,NA
2021-07-31,NA,NA,1,NA,NA,NA
2021-08-01,2,NA,NA,NA,NA,NA
2021-08-02,NA,NA,12,NA,NA,NA
2021-08-06,1,NA,NA,NA,NA,NA
2021-08-07,NA,NA,8,NA,NA,NA
2021-08-08,NA,NA,14,NA,NA,NA
2021-08-09,NA,NA,8,NA,NA,NA
2021-08-11,2,NA,NA,NA,NA,NA
2021-08-12,13,NA,NA,NA,NA,NA
2021-08-13,13,NA,2,NA,NA,NA
2021-08-14,NA,NA,1,NA,NA,NA
2021-08-21,NA,NA,1,NA,NA,NA
2021-08-23,NA,NA,20,NA,NA,NA
2021-08-25,2,NA,9,NA,NA,NA
2021-08-26,NA,NA,16,NA,NA,NA
2021-08-27,4,NA,5,NA,NA,NA
2021-09-02,2,NA,NA,NA,NA,NA
2021-09-08,NA,NA,3,NA,NA,NA
2021-09-13,1,NA,NA,NA,NA,NA
2021-09-14,NA,2,8,NA,NA,NA
2021-09-17,14,NA,NA,NA,NA,NA
2021-09-19,1,NA,NA,NA,NA,NA
2021-09-20,3,NA,1,NA,NA,NA
2021-09-21,4,NA,NA,NA,NA,NA
2021-10-01,NA,NA,4,NA,NA,NA
2021-10-02,1,NA,41,NA,NA,NA
2021-10-04,3,NA,NA,NA,NA,NA
2021-10-11,NA,NA,16,NA,NA,NA
2021-10-14,25,NA,NA,NA,NA,NA
2021-10-15,1,NA,NA,NA,NA,NA
2021-10-16,4,NA,NA,NA,NA,NA
2021-10-17,12,NA,23,NA,NA,NA
2021-10-22,NA,NA,1,NA,NA,NA
2021-10-23,2,NA,NA,NA,NA,NA
2021-10-26,NA,5,NA,NA,NA,NA
2021-10-29,14,NA,NA,NA,NA,NA
2021-11-05,NA,3,NA,NA,NA,NA
2021-11-08,NA,NA,1,NA,NA,NA
2021-11-11,7,NA,NA,NA,NA,NA
2021-11-16,NA,NA,10,NA,NA,NA
2021-11-17,NA,NA,77,NA,NA,NA
2021-11-19,1,1,NA,NA,NA,NA
2021-11-21,NA,1,NA,NA,NA,NA
2021-11-27,2,NA,NA,NA,NA,NA
2021-11-30,5,NA,NA,NA,NA,NA
2021-12-01,NA,NA,1,NA,NA,NA
2021-12-03,NA,2,NA,NA,NA,NA
2021-12-04,NA,NA,1,NA,NA,NA
2021-12-06,4,NA,NA,NA,NA,NA
2021-12-09,1,NA,NA,NA,NA,NA
2021-12-12,1,NA,NA,NA,NA,NA
2021-12-13,1,NA,NA,NA,NA,NA
2021-12-14,2,NA,NA,NA,NA,NA
2021-12-15,NA,NA,20,NA,NA,NA
2021-12-16,NA,NA,9,NA,NA,NA
2021-12-17,NA,NA,102,NA,NA,NA
2021-12-18,NA,NA,61,NA,NA,NA
2021-12-21,8,37,NA,NA,NA,NA
2021-12-23,5,NA,NA,NA,NA,NA
2021-12-24,NA,11,NA,NA,NA,NA
2021-12-25,NA,25,46,NA,NA,NA
2021-12-28,2,NA,NA,NA,NA,NA
2021-12-30,2,NA,NA,NA,NA,NA
2021-12-31,9,NA,NA,NA,NA,NA
